region,offset,bit,model_class
imem,0x080,0,MASKED
imem,0x080,1,MASKED
imem,0x080,2,SDC
imem,0x080,3,MASKED
imem,0x080,4,SDC
imem,0x080,5,MASKED
imem,0x080,6,MASKED
imem,0x080,7,MASKED
imem,0x080,8,MASKED
imem,0x080,9,MASKED
imem,0x080,10,MASKED
imem,0x080,11,MASKED
imem,0x080,12,MASKED
imem,0x080,13,MASKED
imem,0x080,14,MASKED
imem,0x080,15,MASKED
imem,0x080,16,MASKED
imem,0x080,17,MASKED
imem,0x080,18,MASKED
imem,0x080,19,MASKED
imem,0x080,20,MASKED
imem,0x080,21,MASKED
imem,0x080,22,SDC
imem,0x080,23,SDC
imem,0x080,24,SDC
imem,0x080,25,SDC
imem,0x080,26,SDC
imem,0x080,27,SDC
imem,0x080,28,SDC
imem,0x080,29,SDC
imem,0x080,30,SDC
imem,0x080,31,NO_RESULT
imem,0x084,0,SDC
imem,0x084,1,SDC
imem,0x084,2,NO_RESULT
imem,0x084,3,SDC
imem,0x084,4,SDC
imem,0x084,5,UNCERTAIN
imem,0x084,6,SDC
imem,0x084,7,SDC
imem,0x084,8,SDC
imem,0x084,9,SDC
imem,0x084,10,SDC
imem,0x084,11,SDC
imem,0x084,12,SDC
imem,0x084,13,SDC
imem,0x084,14,MASKED
imem,0x084,15,MASKED
imem,0x084,16,MASKED
imem,0x084,17,MASKED
imem,0x084,18,MASKED
imem,0x084,19,MASKED
imem,0x084,20,MASKED
imem,0x084,21,MASKED
imem,0x084,22,SDC
imem,0x084,23,SDC
imem,0x084,24,SDC
imem,0x084,25,SDC
imem,0x084,26,SDC
imem,0x084,27,SDC
imem,0x084,28,SDC
imem,0x084,29,SDC
imem,0x084,30,SDC
imem,0x084,31,NO_RESULT
imem,0x088,0,NO_RESULT
imem,0x088,1,NO_RESULT
imem,0x088,2,NO_RESULT
imem,0x088,3,NO_RESULT
imem,0x088,4,NO_RESULT
imem,0x088,5,NO_RESULT
imem,0x088,6,NO_RESULT
imem,0x088,7,NO_RESULT
imem,0x088,8,NO_RESULT
imem,0x088,9,NO_RESULT
imem,0x088,10,NO_RESULT
imem,0x088,11,NO_RESULT
imem,0x088,12,NO_RESULT
imem,0x088,13,SDC
imem,0x088,14,MASKED
imem,0x088,15,MASKED
imem,0x088,16,MASKED
imem,0x088,17,MASKED
imem,0x088,18,MASKED
imem,0x088,19,MASKED
imem,0x088,20,SDC
imem,0x088,21,SDC
imem,0x088,22,SDC
imem,0x088,23,NO_RESULT
imem,0x088,24,SDC
imem,0x088,25,SDC
imem,0x088,26,MASKED
imem,0x088,27,MASKED
imem,0x088,28,MASKED
imem,0x088,29,MASKED
imem,0x088,30,MASKED
imem,0x088,31,NO_RESULT
imem,0x08c,0,MASKED
imem,0x08c,1,MASKED
imem,0x08c,2,SDC
imem,0x08c,3,MASKED
imem,0x08c,4,SDC
imem,0x08c,5,MASKED
imem,0x08c,6,MASKED
imem,0x08c,7,MASKED
imem,0x08c,8,MASKED
imem,0x08c,9,MASKED
imem,0x08c,10,MASKED
imem,0x08c,11,MASKED
imem,0x08c,12,MASKED
imem,0x08c,13,MASKED
imem,0x08c,14,MASKED
imem,0x08c,15,MASKED
imem,0x08c,16,MASKED
imem,0x08c,17,MASKED
imem,0x08c,18,MASKED
imem,0x08c,19,MASKED
imem,0x08c,20,SDC
imem,0x08c,21,SDC
imem,0x08c,22,SDC
imem,0x08c,23,SDC
imem,0x08c,24,SDC
imem,0x08c,25,SDC
imem,0x08c,26,SDC
imem,0x08c,27,SDC
imem,0x08c,28,SDC
imem,0x08c,29,SDC
imem,0x08c,30,SDC
imem,0x08c,31,SDC
imem,0x090,0,SDC
imem,0x090,1,SDC
imem,0x090,2,SDC
imem,0x090,3,SDC
imem,0x090,4,SDC
imem,0x090,5,SDC
imem,0x090,6,SDC
imem,0x090,7,SDC
imem,0x090,8,SDC
imem,0x090,9,SDC
imem,0x090,10,SDC
imem,0x090,11,SDC
imem,0x090,12,UNCERTAIN
imem,0x090,13,SDC
imem,0x090,14,UNCERTAIN
imem,0x090,15,SDC
imem,0x090,16,SDC
imem,0x090,17,SDC
imem,0x090,18,SDC
imem,0x090,19,SDC
imem,0x090,20,MASKED
imem,0x090,21,MASKED
imem,0x090,22,SDC
imem,0x090,23,SDC
imem,0x090,24,SDC
imem,0x090,25,SDC
imem,0x090,26,SDC
imem,0x090,27,SDC
imem,0x090,28,SDC
imem,0x090,29,SDC
imem,0x090,30,SDC
imem,0x090,31,NO_RESULT
imem,0x094,0,SDC
imem,0x094,1,SDC
imem,0x094,2,SDC
imem,0x094,3,SDC
imem,0x094,4,SDC
imem,0x094,5,SDC
imem,0x094,6,UNCERTAIN
imem,0x094,7,MASKED
imem,0x094,8,MASKED
imem,0x094,9,SDC
imem,0x094,10,SDC
imem,0x094,11,SDC
imem,0x094,12,UNCERTAIN
imem,0x094,13,SDC
imem,0x094,14,UNCERTAIN
imem,0x094,15,SDC
imem,0x094,16,SDC
imem,0x094,17,SDC
imem,0x094,18,SDC
imem,0x094,19,SDC
imem,0x094,20,SDC
imem,0x094,21,SDC
imem,0x094,22,SDC
imem,0x094,23,SDC
imem,0x094,24,SDC
imem,0x094,25,SDC
imem,0x094,26,SDC
imem,0x094,27,SDC
imem,0x094,28,SDC
imem,0x094,29,SDC
imem,0x094,30,SDC
imem,0x094,31,NO_RESULT
imem,0x098,0,SDC
imem,0x098,1,SDC
imem,0x098,2,SDC
imem,0x098,3,SDC
imem,0x098,4,NO_RESULT
imem,0x098,5,SDC
imem,0x098,6,SDC
imem,0x098,7,SDC
imem,0x098,8,NO_RESULT
imem,0x098,9,SDC
imem,0x098,10,SDC
imem,0x098,11,SDC
imem,0x098,12,SDC
imem,0x098,13,SDC
imem,0x098,14,SDC
imem,0x098,15,SDC
imem,0x098,16,SDC
imem,0x098,17,SDC
imem,0x098,18,SDC
imem,0x098,19,SDC
imem,0x098,20,SDC
imem,0x098,21,SDC
imem,0x098,22,SDC
imem,0x098,23,SDC
imem,0x098,24,SDC
imem,0x098,25,MASKED
imem,0x098,26,MASKED
imem,0x098,27,MASKED
imem,0x098,28,MASKED
imem,0x098,29,MASKED
imem,0x098,30,MASKED
imem,0x098,31,MASKED
imem,0x09c,0,SDC
imem,0x09c,1,SDC
imem,0x09c,2,SDC
imem,0x09c,3,SDC
imem,0x09c,4,UNCERTAIN
imem,0x09c,5,SDC
imem,0x09c,6,SDC
imem,0x09c,7,SDC
imem,0x09c,8,NO_RESULT
imem,0x09c,9,SDC
imem,0x09c,10,SDC
imem,0x09c,11,SDC
imem,0x09c,12,SDC
imem,0x09c,13,SDC
imem,0x09c,14,SDC
imem,0x09c,15,SDC
imem,0x09c,16,SDC
imem,0x09c,17,SDC
imem,0x09c,18,SDC
imem,0x09c,19,SDC
imem,0x09c,20,SDC
imem,0x09c,21,SDC
imem,0x09c,22,SDC
imem,0x09c,23,SDC
imem,0x09c,24,SDC
imem,0x09c,25,UNCERTAIN
imem,0x09c,26,UNCERTAIN
imem,0x09c,27,UNCERTAIN
imem,0x09c,28,UNCERTAIN
imem,0x09c,29,UNCERTAIN
imem,0x09c,30,MASKED
imem,0x09c,31,UNCERTAIN
imem,0x0a0,0,SDC
imem,0x0a0,1,SDC
imem,0x0a0,2,NO_RESULT
imem,0x0a0,3,SDC
imem,0x0a0,4,NO_RESULT
imem,0x0a0,5,SDC
imem,0x0a0,6,SDC
imem,0x0a0,7,SDC
imem,0x0a0,8,SDC
imem,0x0a0,9,SDC
imem,0x0a0,10,SDC
imem,0x0a0,11,SDC
imem,0x0a0,12,SDC
imem,0x0a0,13,SDC
imem,0x0a0,14,SDC
imem,0x0a0,15,SDC
imem,0x0a0,16,NO_RESULT
imem,0x0a0,17,SDC
imem,0x0a0,18,SDC
imem,0x0a0,19,SDC
imem,0x0a0,20,SDC
imem,0x0a0,21,SDC
imem,0x0a0,22,SDC
imem,0x0a0,23,SDC
imem,0x0a0,24,SDC
imem,0x0a0,25,SDC
imem,0x0a0,26,SDC
imem,0x0a0,27,SDC
imem,0x0a0,28,SDC
imem,0x0a0,29,SDC
imem,0x0a0,30,SDC
imem,0x0a0,31,NO_RESULT
imem,0x0a4,0,SDC
imem,0x0a4,1,SDC
imem,0x0a4,2,NO_RESULT
imem,0x0a4,3,SDC
imem,0x0a4,4,NO_RESULT
imem,0x0a4,5,SDC
imem,0x0a4,6,SDC
imem,0x0a4,7,SDC
imem,0x0a4,8,SDC
imem,0x0a4,9,SDC
imem,0x0a4,10,SDC
imem,0x0a4,11,SDC
imem,0x0a4,12,UNCERTAIN
imem,0x0a4,13,SDC
imem,0x0a4,14,SDC
imem,0x0a4,15,SDC
imem,0x0a4,16,SDC
imem,0x0a4,17,SDC
imem,0x0a4,18,SDC
imem,0x0a4,19,SDC
imem,0x0a4,20,SDC
imem,0x0a4,21,SDC
imem,0x0a4,22,SDC
imem,0x0a4,23,SDC
imem,0x0a4,24,SDC
imem,0x0a4,25,SDC
imem,0x0a4,26,SDC
imem,0x0a4,27,SDC
imem,0x0a4,28,SDC
imem,0x0a4,29,SDC
imem,0x0a4,30,SDC
imem,0x0a4,31,NO_RESULT
imem,0x0a8,0,NO_RESULT
imem,0x0a8,1,NO_RESULT
imem,0x0a8,2,NO_RESULT
imem,0x0a8,3,NO_RESULT
imem,0x0a8,4,NO_RESULT
imem,0x0a8,5,UNCERTAIN
imem,0x0a8,6,NO_RESULT
imem,0x0a8,7,NO_RESULT
imem,0x0a8,8,NO_RESULT
imem,0x0a8,9,NO_RESULT
imem,0x0a8,10,NO_RESULT
imem,0x0a8,11,NO_RESULT
imem,0x0a8,12,SDC
imem,0x0a8,13,SDC
imem,0x0a8,14,NO_RESULT
imem,0x0a8,15,NO_RESULT
imem,0x0a8,16,NO_RESULT
imem,0x0a8,17,NO_RESULT
imem,0x0a8,18,NO_RESULT
imem,0x0a8,19,NO_RESULT
imem,0x0a8,20,SDC
imem,0x0a8,21,NO_RESULT
imem,0x0a8,22,NO_RESULT
imem,0x0a8,23,NO_RESULT
imem,0x0a8,24,NO_RESULT
imem,0x0a8,25,NO_RESULT
imem,0x0a8,26,NO_RESULT
imem,0x0a8,27,NO_RESULT
imem,0x0a8,28,NO_RESULT
imem,0x0a8,29,NO_RESULT
imem,0x0a8,30,NO_RESULT
imem,0x0a8,31,NO_RESULT
imem,0x0ac,0,SDC
imem,0x0ac,1,SDC
imem,0x0ac,2,UNCERTAIN
imem,0x0ac,3,SDC
imem,0x0ac,4,SDC
imem,0x0ac,5,SDC
imem,0x0ac,6,NO_RESULT
imem,0x0ac,7,NO_RESULT
imem,0x0ac,8,UNCERTAIN
imem,0x0ac,9,SDC
imem,0x0ac,10,SDC
imem,0x0ac,11,SDC
imem,0x0ac,12,SDC
imem,0x0ac,13,UNCERTAIN
imem,0x0ac,14,SDC
imem,0x0ac,15,SDC
imem,0x0ac,16,SDC
imem,0x0ac,17,SDC
imem,0x0ac,18,SDC
imem,0x0ac,19,SDC
imem,0x0ac,20,MASKED
imem,0x0ac,21,MASKED
imem,0x0ac,22,MASKED
imem,0x0ac,23,NO_RESULT
imem,0x0ac,24,MASKED
imem,0x0ac,25,NO_RESULT
imem,0x0ac,26,NO_RESULT
imem,0x0ac,27,NO_RESULT
imem,0x0ac,28,NO_RESULT
imem,0x0ac,29,NO_RESULT
imem,0x0ac,30,NO_RESULT
imem,0x0ac,31,NO_RESULT
imem,0x0b0,0,SDC
imem,0x0b0,1,SDC
imem,0x0b0,2,SDC
imem,0x0b0,3,SDC
imem,0x0b0,4,UNCERTAIN
imem,0x0b0,5,SDC
imem,0x0b0,6,UNCERTAIN
imem,0x0b0,7,MASKED
imem,0x0b0,8,MASKED
imem,0x0b0,9,SDC
imem,0x0b0,10,SDC
imem,0x0b0,11,SDC
imem,0x0b0,12,UNCERTAIN
imem,0x0b0,13,SDC
imem,0x0b0,14,UNCERTAIN
imem,0x0b0,15,MASKED
imem,0x0b0,16,MASKED
imem,0x0b0,17,MASKED
imem,0x0b0,18,SDC
imem,0x0b0,19,MASKED
imem,0x0b0,20,SDC
imem,0x0b0,21,SDC
imem,0x0b0,22,SDC
imem,0x0b0,23,SDC
imem,0x0b0,24,SDC
imem,0x0b0,25,SDC
imem,0x0b0,26,SDC
imem,0x0b0,27,SDC
imem,0x0b0,28,SDC
imem,0x0b0,29,SDC
imem,0x0b0,30,SDC
imem,0x0b0,31,NO_RESULT
imem,0x0b4,0,NO_RESULT
imem,0x0b4,1,NO_RESULT
imem,0x0b4,2,NO_RESULT
imem,0x0b4,3,NO_RESULT
imem,0x0b4,4,NO_RESULT
imem,0x0b4,5,NO_RESULT
imem,0x0b4,6,NO_RESULT
imem,0x0b4,7,NO_RESULT
imem,0x0b4,8,NO_RESULT
imem,0x0b4,9,NO_RESULT
imem,0x0b4,10,NO_RESULT
imem,0x0b4,11,NO_RESULT
imem,0x0b4,12,NO_RESULT
imem,0x0b4,13,SDC
imem,0x0b4,14,MASKED
imem,0x0b4,15,MASKED
imem,0x0b4,16,MASKED
imem,0x0b4,17,MASKED
imem,0x0b4,18,MASKED
imem,0x0b4,19,MASKED
imem,0x0b4,20,MASKED
imem,0x0b4,21,MASKED
imem,0x0b4,22,SDC
imem,0x0b4,23,MASKED
imem,0x0b4,24,MASKED
imem,0x0b4,25,MASKED
imem,0x0b4,26,MASKED
imem,0x0b4,27,MASKED
imem,0x0b4,28,MASKED
imem,0x0b4,29,MASKED
imem,0x0b4,30,MASKED
imem,0x0b4,31,NO_RESULT
imem,0x0b8,0,SDC
imem,0x0b8,1,SDC
imem,0x0b8,2,NO_RESULT
imem,0x0b8,3,SDC
imem,0x0b8,4,SDC
imem,0x0b8,5,UNCERTAIN
imem,0x0b8,6,SDC
imem,0x0b8,7,SDC
imem,0x0b8,8,SDC
imem,0x0b8,9,SDC
imem,0x0b8,10,SDC
imem,0x0b8,11,SDC
imem,0x0b8,12,SDC
imem,0x0b8,13,SDC
imem,0x0b8,14,MASKED
imem,0x0b8,15,MASKED
imem,0x0b8,16,MASKED
imem,0x0b8,17,MASKED
imem,0x0b8,18,SDC
imem,0x0b8,19,MASKED
imem,0x0b8,20,MASKED
imem,0x0b8,21,MASKED
imem,0x0b8,22,SDC
imem,0x0b8,23,SDC
imem,0x0b8,24,SDC
imem,0x0b8,25,SDC
imem,0x0b8,26,SDC
imem,0x0b8,27,SDC
imem,0x0b8,28,SDC
imem,0x0b8,29,SDC
imem,0x0b8,30,SDC
imem,0x0b8,31,NO_RESULT
imem,0x0bc,0,NO_RESULT
imem,0x0bc,1,NO_RESULT
imem,0x0bc,2,NO_RESULT
imem,0x0bc,3,NO_RESULT
imem,0x0bc,4,NO_RESULT
imem,0x0bc,5,NO_RESULT
imem,0x0bc,6,NO_RESULT
imem,0x0bc,7,NO_RESULT
imem,0x0bc,8,NO_RESULT
imem,0x0bc,9,NO_RESULT
imem,0x0bc,10,NO_RESULT
imem,0x0bc,11,NO_RESULT
imem,0x0bc,12,NO_RESULT
imem,0x0bc,13,SDC
imem,0x0bc,14,MASKED
imem,0x0bc,15,MASKED
imem,0x0bc,16,MASKED
imem,0x0bc,17,MASKED
imem,0x0bc,18,SDC
imem,0x0bc,19,MASKED
imem,0x0bc,20,SDC
imem,0x0bc,21,SDC
imem,0x0bc,22,SDC
imem,0x0bc,23,SDC
imem,0x0bc,24,SDC
imem,0x0bc,25,SDC
imem,0x0bc,26,SDC
imem,0x0bc,27,SDC
imem,0x0bc,28,SDC
imem,0x0bc,29,SDC
imem,0x0bc,30,SDC
imem,0x0bc,31,NO_RESULT
imem,0x0c0,0,SDC
imem,0x0c0,1,SDC
imem,0x0c0,2,SDC
imem,0x0c0,3,SDC
imem,0x0c0,4,SDC
imem,0x0c0,5,SDC
imem,0x0c0,6,SDC
imem,0x0c0,7,SDC
imem,0x0c0,8,SDC
imem,0x0c0,9,SDC
imem,0x0c0,10,SDC
imem,0x0c0,11,SDC
imem,0x0c0,12,UNCERTAIN
imem,0x0c0,13,SDC
imem,0x0c0,14,UNCERTAIN
imem,0x0c0,15,SDC
imem,0x0c0,16,SDC
imem,0x0c0,17,SDC
imem,0x0c0,18,SDC
imem,0x0c0,19,SDC
imem,0x0c0,20,MASKED
imem,0x0c0,21,MASKED
imem,0x0c0,22,SDC
imem,0x0c0,23,SDC
imem,0x0c0,24,SDC
imem,0x0c0,25,SDC
imem,0x0c0,26,SDC
imem,0x0c0,27,SDC
imem,0x0c0,28,SDC
imem,0x0c0,29,SDC
imem,0x0c0,30,SDC
imem,0x0c0,31,NO_RESULT
imem,0x0c4,0,SDC
imem,0x0c4,1,SDC
imem,0x0c4,2,SDC
imem,0x0c4,3,SDC
imem,0x0c4,4,SDC
imem,0x0c4,5,SDC
imem,0x0c4,6,SDC
imem,0x0c4,7,SDC
imem,0x0c4,8,NO_RESULT
imem,0x0c4,9,SDC
imem,0x0c4,10,SDC
imem,0x0c4,11,SDC
imem,0x0c4,12,UNCERTAIN
imem,0x0c4,13,SDC
imem,0x0c4,14,UNCERTAIN
imem,0x0c4,15,SDC
imem,0x0c4,16,SDC
imem,0x0c4,17,SDC
imem,0x0c4,18,SDC
imem,0x0c4,19,SDC
imem,0x0c4,20,MASKED
imem,0x0c4,21,MASKED
imem,0x0c4,22,SDC
imem,0x0c4,23,SDC
imem,0x0c4,24,SDC
imem,0x0c4,25,SDC
imem,0x0c4,26,SDC
imem,0x0c4,27,SDC
imem,0x0c4,28,SDC
imem,0x0c4,29,SDC
imem,0x0c4,30,SDC
imem,0x0c4,31,NO_RESULT
imem,0x0c8,0,SDC
imem,0x0c8,1,SDC
imem,0x0c8,2,UNCERTAIN
imem,0x0c8,3,SDC
imem,0x0c8,4,SDC
imem,0x0c8,5,SDC
imem,0x0c8,6,UNCERTAIN
imem,0x0c8,7,NO_RESULT
imem,0x0c8,8,UNCERTAIN
imem,0x0c8,9,SDC
imem,0x0c8,10,SDC
imem,0x0c8,11,NO_RESULT
imem,0x0c8,12,SDC
imem,0x0c8,13,SDC
imem,0x0c8,14,SDC
imem,0x0c8,15,SDC
imem,0x0c8,16,SDC
imem,0x0c8,17,SDC
imem,0x0c8,18,SDC
imem,0x0c8,19,SDC
imem,0x0c8,20,SDC
imem,0x0c8,21,SDC
imem,0x0c8,22,SDC
imem,0x0c8,23,SDC
imem,0x0c8,24,SDC
imem,0x0c8,25,NO_RESULT
imem,0x0c8,26,NO_RESULT
imem,0x0c8,27,NO_RESULT
imem,0x0c8,28,NO_RESULT
imem,0x0c8,29,NO_RESULT
imem,0x0c8,30,NO_RESULT
imem,0x0c8,31,NO_RESULT
imem,0x0cc,0,SDC
imem,0x0cc,1,SDC
imem,0x0cc,2,SDC
imem,0x0cc,3,SDC
imem,0x0cc,4,SDC
imem,0x0cc,5,SDC
imem,0x0cc,6,UNCERTAIN
imem,0x0cc,7,MASKED
imem,0x0cc,8,MASKED
imem,0x0cc,9,SDC
imem,0x0cc,10,SDC
imem,0x0cc,11,SDC
imem,0x0cc,12,UNCERTAIN
imem,0x0cc,13,SDC
imem,0x0cc,14,UNCERTAIN
imem,0x0cc,15,SDC
imem,0x0cc,16,SDC
imem,0x0cc,17,SDC
imem,0x0cc,18,SDC
imem,0x0cc,19,SDC
imem,0x0cc,20,SDC
imem,0x0cc,21,SDC
imem,0x0cc,22,SDC
imem,0x0cc,23,SDC
imem,0x0cc,24,SDC
imem,0x0cc,25,SDC
imem,0x0cc,26,SDC
imem,0x0cc,27,SDC
imem,0x0cc,28,SDC
imem,0x0cc,29,SDC
imem,0x0cc,30,SDC
imem,0x0cc,31,NO_RESULT
imem,0x0d0,0,SDC
imem,0x0d0,1,SDC
imem,0x0d0,2,SDC
imem,0x0d0,3,SDC
imem,0x0d0,4,SDC
imem,0x0d0,5,SDC
imem,0x0d0,6,UNCERTAIN
imem,0x0d0,7,MASKED
imem,0x0d0,8,MASKED
imem,0x0d0,9,SDC
imem,0x0d0,10,SDC
imem,0x0d0,11,SDC
imem,0x0d0,12,UNCERTAIN
imem,0x0d0,13,SDC
imem,0x0d0,14,UNCERTAIN
imem,0x0d0,15,SDC
imem,0x0d0,16,SDC
imem,0x0d0,17,SDC
imem,0x0d0,18,SDC
imem,0x0d0,19,SDC
imem,0x0d0,20,SDC
imem,0x0d0,21,SDC
imem,0x0d0,22,SDC
imem,0x0d0,23,SDC
imem,0x0d0,24,SDC
imem,0x0d0,25,SDC
imem,0x0d0,26,SDC
imem,0x0d0,27,SDC
imem,0x0d0,28,SDC
imem,0x0d0,29,SDC
imem,0x0d0,30,SDC
imem,0x0d0,31,NO_RESULT
imem,0x0d4,0,SDC
imem,0x0d4,1,SDC
imem,0x0d4,2,NO_RESULT
imem,0x0d4,3,SDC
imem,0x0d4,4,SDC
imem,0x0d4,5,SDC
imem,0x0d4,6,SDC
imem,0x0d4,7,SDC
imem,0x0d4,8,SDC
imem,0x0d4,9,SDC
imem,0x0d4,10,SDC
imem,0x0d4,11,SDC
imem,0x0d4,12,UNCERTAIN
imem,0x0d4,13,SDC
imem,0x0d4,14,SDC
imem,0x0d4,15,SDC
imem,0x0d4,16,SDC
imem,0x0d4,17,SDC
imem,0x0d4,18,SDC
imem,0x0d4,19,SDC
imem,0x0d4,20,SDC
imem,0x0d4,21,SDC
imem,0x0d4,22,SDC
imem,0x0d4,23,SDC
imem,0x0d4,24,SDC
imem,0x0d4,25,SDC
imem,0x0d4,26,SDC
imem,0x0d4,27,SDC
imem,0x0d4,28,SDC
imem,0x0d4,29,SDC
imem,0x0d4,30,SDC
imem,0x0d4,31,NO_RESULT
imem,0x0d8,0,NO_RESULT
imem,0x0d8,1,NO_RESULT
imem,0x0d8,2,NO_RESULT
imem,0x0d8,3,NO_RESULT
imem,0x0d8,4,NO_RESULT
imem,0x0d8,5,UNCERTAIN
imem,0x0d8,6,NO_RESULT
imem,0x0d8,7,NO_RESULT
imem,0x0d8,8,NO_RESULT
imem,0x0d8,9,NO_RESULT
imem,0x0d8,10,NO_RESULT
imem,0x0d8,11,NO_RESULT
imem,0x0d8,12,SDC
imem,0x0d8,13,SDC
imem,0x0d8,14,NO_RESULT
imem,0x0d8,15,NO_RESULT
imem,0x0d8,16,NO_RESULT
imem,0x0d8,17,NO_RESULT
imem,0x0d8,18,NO_RESULT
imem,0x0d8,19,NO_RESULT
imem,0x0d8,20,NO_RESULT
imem,0x0d8,21,NO_RESULT
imem,0x0d8,22,NO_RESULT
imem,0x0d8,23,NO_RESULT
imem,0x0d8,24,NO_RESULT
imem,0x0d8,25,NO_RESULT
imem,0x0d8,26,NO_RESULT
imem,0x0d8,27,NO_RESULT
imem,0x0d8,28,NO_RESULT
imem,0x0d8,29,NO_RESULT
imem,0x0d8,30,NO_RESULT
imem,0x0d8,31,NO_RESULT
imem,0x0dc,0,SDC
imem,0x0dc,1,SDC
imem,0x0dc,2,UNCERTAIN
imem,0x0dc,3,SDC
imem,0x0dc,4,SDC
imem,0x0dc,5,SDC
imem,0x0dc,6,NO_RESULT
imem,0x0dc,7,NO_RESULT
imem,0x0dc,8,UNCERTAIN
imem,0x0dc,9,NO_RESULT
imem,0x0dc,10,SDC
imem,0x0dc,11,SDC
imem,0x0dc,12,SDC
imem,0x0dc,13,UNCERTAIN
imem,0x0dc,14,MASKED
imem,0x0dc,15,SDC
imem,0x0dc,16,SDC
imem,0x0dc,17,SDC
imem,0x0dc,18,SDC
imem,0x0dc,19,SDC
imem,0x0dc,20,MASKED
imem,0x0dc,21,MASKED
imem,0x0dc,22,MASKED
imem,0x0dc,23,NO_RESULT
imem,0x0dc,24,MASKED
imem,0x0dc,25,NO_RESULT
imem,0x0dc,26,NO_RESULT
imem,0x0dc,27,NO_RESULT
imem,0x0dc,28,NO_RESULT
imem,0x0dc,29,NO_RESULT
imem,0x0dc,30,NO_RESULT
imem,0x0dc,31,NO_RESULT
imem,0x0e0,0,NO_RESULT
imem,0x0e0,1,NO_RESULT
imem,0x0e0,2,NO_RESULT
imem,0x0e0,3,NO_RESULT
imem,0x0e0,4,NO_RESULT
imem,0x0e0,5,UNCERTAIN
imem,0x0e0,6,NO_RESULT
imem,0x0e0,7,NO_RESULT
imem,0x0e0,8,NO_RESULT
imem,0x0e0,9,NO_RESULT
imem,0x0e0,10,NO_RESULT
imem,0x0e0,11,NO_RESULT
imem,0x0e0,12,SDC
imem,0x0e0,13,SDC
imem,0x0e0,14,NO_RESULT
imem,0x0e0,15,NO_RESULT
imem,0x0e0,16,NO_RESULT
imem,0x0e0,17,NO_RESULT
imem,0x0e0,18,NO_RESULT
imem,0x0e0,19,NO_RESULT
imem,0x0e0,20,NO_RESULT
imem,0x0e0,21,NO_RESULT
imem,0x0e0,22,NO_RESULT
imem,0x0e0,23,NO_RESULT
imem,0x0e0,24,NO_RESULT
imem,0x0e0,25,NO_RESULT
imem,0x0e0,26,NO_RESULT
imem,0x0e0,27,NO_RESULT
imem,0x0e0,28,NO_RESULT
imem,0x0e0,29,NO_RESULT
imem,0x0e0,30,NO_RESULT
imem,0x0e0,31,NO_RESULT
imem,0x0e4,0,SDC
imem,0x0e4,1,SDC
imem,0x0e4,2,UNCERTAIN
imem,0x0e4,3,SDC
imem,0x0e4,4,SDC
imem,0x0e4,5,SDC
imem,0x0e4,6,NO_RESULT
imem,0x0e4,7,NO_RESULT
imem,0x0e4,8,UNCERTAIN
imem,0x0e4,9,NO_RESULT
imem,0x0e4,10,NO_RESULT
imem,0x0e4,11,NO_RESULT
imem,0x0e4,12,SDC
imem,0x0e4,13,UNCERTAIN
imem,0x0e4,14,MASKED
imem,0x0e4,15,SDC
imem,0x0e4,16,NO_RESULT
imem,0x0e4,17,SDC
imem,0x0e4,18,SDC
imem,0x0e4,19,SDC
imem,0x0e4,20,MASKED
imem,0x0e4,21,MASKED
imem,0x0e4,22,MASKED
imem,0x0e4,23,NO_RESULT
imem,0x0e4,24,MASKED
imem,0x0e4,25,NO_RESULT
imem,0x0e4,26,NO_RESULT
imem,0x0e4,27,NO_RESULT
imem,0x0e4,28,NO_RESULT
imem,0x0e4,29,NO_RESULT
imem,0x0e4,30,NO_RESULT
imem,0x0e4,31,NO_RESULT
imem,0x0e8,0,NO_RESULT
imem,0x0e8,1,NO_RESULT
imem,0x0e8,2,UNCERTAIN
imem,0x0e8,3,NO_RESULT
imem,0x0e8,4,NO_RESULT
imem,0x0e8,5,NO_RESULT
imem,0x0e8,6,NO_RESULT
imem,0x0e8,7,NO_RESULT
imem,0x0e8,8,NO_RESULT
imem,0x0e8,9,NO_RESULT
imem,0x0e8,10,NO_RESULT
imem,0x0e8,11,NO_RESULT
imem,0x0e8,12,NO_RESULT
imem,0x0e8,13,NO_RESULT
imem,0x0e8,14,NO_RESULT
imem,0x0e8,15,NO_RESULT
imem,0x0e8,16,NO_RESULT
imem,0x0e8,17,NO_RESULT
imem,0x0e8,18,NO_RESULT
imem,0x0e8,19,NO_RESULT
imem,0x0e8,20,NO_RESULT
imem,0x0e8,21,NO_RESULT
imem,0x0e8,22,NO_RESULT
imem,0x0e8,23,NO_RESULT
imem,0x0e8,24,NO_RESULT
imem,0x0e8,25,NO_RESULT
imem,0x0e8,26,NO_RESULT
imem,0x0e8,27,NO_RESULT
imem,0x0e8,28,NO_RESULT
imem,0x0e8,29,NO_RESULT
imem,0x0e8,30,NO_RESULT
imem,0x0e8,31,NO_RESULT
imem,0x0ec,0,NO_RESULT
imem,0x0ec,1,NO_RESULT
imem,0x0ec,2,NO_RESULT
imem,0x0ec,3,NO_RESULT
imem,0x0ec,4,UNCERTAIN
imem,0x0ec,5,NO_RESULT
imem,0x0ec,6,UNCERTAIN
imem,0x0ec,7,MASKED
imem,0x0ec,8,MASKED
imem,0x0ec,9,NO_RESULT
imem,0x0ec,10,NO_RESULT
imem,0x0ec,11,NO_RESULT
imem,0x0ec,12,UNCERTAIN
imem,0x0ec,13,NO_RESULT
imem,0x0ec,14,UNCERTAIN
imem,0x0ec,15,MASKED
imem,0x0ec,16,MASKED
imem,0x0ec,17,MASKED
imem,0x0ec,18,NO_RESULT
imem,0x0ec,19,MASKED
imem,0x0ec,20,NO_RESULT
imem,0x0ec,21,NO_RESULT
imem,0x0ec,22,NO_RESULT
imem,0x0ec,23,NO_RESULT
imem,0x0ec,24,NO_RESULT
imem,0x0ec,25,NO_RESULT
imem,0x0ec,26,NO_RESULT
imem,0x0ec,27,NO_RESULT
imem,0x0ec,28,NO_RESULT
imem,0x0ec,29,NO_RESULT
imem,0x0ec,30,NO_RESULT
imem,0x0ec,31,NO_RESULT
imem,0x0f0,0,NO_RESULT
imem,0x0f0,1,NO_RESULT
imem,0x0f0,2,NO_RESULT
imem,0x0f0,3,NO_RESULT
imem,0x0f0,4,NO_RESULT
imem,0x0f0,5,NO_RESULT
imem,0x0f0,6,NO_RESULT
imem,0x0f0,7,NO_RESULT
imem,0x0f0,8,NO_RESULT
imem,0x0f0,9,NO_RESULT
imem,0x0f0,10,NO_RESULT
imem,0x0f0,11,NO_RESULT
imem,0x0f0,12,NO_RESULT
imem,0x0f0,13,MASKED
imem,0x0f0,14,NO_RESULT
imem,0x0f0,15,NO_RESULT
imem,0x0f0,16,NO_RESULT
imem,0x0f0,17,NO_RESULT
imem,0x0f0,18,NO_RESULT
imem,0x0f0,19,NO_RESULT
imem,0x0f0,20,NO_RESULT
imem,0x0f0,21,NO_RESULT
imem,0x0f0,22,NO_RESULT
imem,0x0f0,23,NO_RESULT
imem,0x0f0,24,NO_RESULT
imem,0x0f0,25,NO_RESULT
imem,0x0f0,26,NO_RESULT
imem,0x0f0,27,NO_RESULT
imem,0x0f0,28,NO_RESULT
imem,0x0f0,29,NO_RESULT
imem,0x0f0,30,NO_RESULT
imem,0x0f0,31,NO_RESULT
imem,0x0f4,0,SDC
imem,0x0f4,1,SDC
imem,0x0f4,2,SDC
imem,0x0f4,3,SDC
imem,0x0f4,4,SDC
imem,0x0f4,5,SDC
imem,0x0f4,6,SDC
imem,0x0f4,7,MASKED
imem,0x0f4,8,MASKED
imem,0x0f4,9,MASKED
imem,0x0f4,10,MASKED
imem,0x0f4,11,MASKED
imem,0x0f4,12,UNCERTAIN
imem,0x0f4,13,MASKED
imem,0x0f4,14,UNCERTAIN
imem,0x0f4,15,SDC
imem,0x0f4,16,SDC
imem,0x0f4,17,SDC
imem,0x0f4,18,SDC
imem,0x0f4,19,SDC
imem,0x0f4,20,MASKED
imem,0x0f4,21,MASKED
imem,0x0f4,22,MASKED
imem,0x0f4,23,MASKED
imem,0x0f4,24,SDC
imem,0x0f4,25,SDC
imem,0x0f4,26,SDC
imem,0x0f4,27,SDC
imem,0x0f4,28,SDC
imem,0x0f4,29,SDC
imem,0x0f4,30,SDC
imem,0x0f4,31,SDC
imem,0x0f8,0,SDC
imem,0x0f8,1,SDC
imem,0x0f8,2,SDC
imem,0x0f8,3,SDC
imem,0x0f8,4,SDC
imem,0x0f8,5,MASKED
imem,0x0f8,6,SDC
imem,0x0f8,7,MASKED
imem,0x0f8,8,MASKED
imem,0x0f8,9,MASKED
imem,0x0f8,10,MASKED
imem,0x0f8,11,MASKED
imem,0x0f8,12,UNCERTAIN
imem,0x0f8,13,MASKED
imem,0x0f8,14,UNCERTAIN
imem,0x0f8,15,SDC
imem,0x0f8,16,SDC
imem,0x0f8,17,SDC
imem,0x0f8,18,SDC
imem,0x0f8,19,SDC
imem,0x0f8,20,MASKED
imem,0x0f8,21,MASKED
imem,0x0f8,22,MASKED
imem,0x0f8,23,MASKED
imem,0x0f8,24,SDC
imem,0x0f8,25,SDC
imem,0x0f8,26,SDC
imem,0x0f8,27,SDC
imem,0x0f8,28,SDC
imem,0x0f8,29,SDC
imem,0x0f8,30,SDC
imem,0x0f8,31,SDC
imem,0x0fc,0,NO_RESULT
imem,0x0fc,1,NO_RESULT
imem,0x0fc,2,NO_RESULT
imem,0x0fc,3,NO_RESULT
imem,0x0fc,4,NO_RESULT
imem,0x0fc,5,NO_RESULT
imem,0x0fc,6,NO_RESULT
imem,0x0fc,7,MASKED
imem,0x0fc,8,MASKED
imem,0x0fc,9,MASKED
imem,0x0fc,10,MASKED
imem,0x0fc,11,MASKED
imem,0x0fc,12,UNCERTAIN
imem,0x0fc,13,MASKED
imem,0x0fc,14,UNCERTAIN
imem,0x0fc,15,NO_RESULT
imem,0x0fc,16,NO_RESULT
imem,0x0fc,17,NO_RESULT
imem,0x0fc,18,NO_RESULT
imem,0x0fc,19,NO_RESULT
imem,0x0fc,20,MASKED
imem,0x0fc,21,MASKED
imem,0x0fc,22,MASKED
imem,0x0fc,23,MASKED
imem,0x0fc,24,NO_RESULT
imem,0x0fc,25,NO_RESULT
imem,0x0fc,26,NO_RESULT
imem,0x0fc,27,NO_RESULT
imem,0x0fc,28,NO_RESULT
imem,0x0fc,29,NO_RESULT
imem,0x0fc,30,NO_RESULT
imem,0x0fc,31,NO_RESULT
imem,0x100,0,MASKED
imem,0x100,1,MASKED
imem,0x100,2,MASKED
imem,0x100,3,MASKED
imem,0x100,4,MASKED
imem,0x100,5,MASKED
imem,0x100,6,MASKED
imem,0x100,7,MASKED
imem,0x100,8,MASKED
imem,0x100,9,MASKED
imem,0x100,10,MASKED
imem,0x100,11,MASKED
imem,0x100,12,MASKED
imem,0x100,13,MASKED
imem,0x100,14,MASKED
imem,0x100,15,MASKED
imem,0x100,16,MASKED
imem,0x100,17,MASKED
imem,0x100,18,MASKED
imem,0x100,19,MASKED
imem,0x100,20,MASKED
imem,0x100,21,MASKED
imem,0x100,22,MASKED
imem,0x100,23,MASKED
imem,0x100,24,MASKED
imem,0x100,25,MASKED
imem,0x100,26,MASKED
imem,0x100,27,MASKED
imem,0x100,28,MASKED
imem,0x100,29,MASKED
imem,0x100,30,MASKED
imem,0x100,31,MASKED
dmem,0x000,0,SDC
dmem,0x000,1,SDC
dmem,0x000,2,SDC
dmem,0x000,3,SDC
dmem,0x000,4,SDC
dmem,0x000,5,SDC
dmem,0x000,6,SDC
dmem,0x000,7,SDC
dmem,0x000,8,SDC
dmem,0x000,9,SDC
dmem,0x000,10,SDC
dmem,0x000,11,SDC
dmem,0x000,12,SDC
dmem,0x000,13,SDC
dmem,0x000,14,SDC
dmem,0x000,15,SDC
dmem,0x000,16,SDC
dmem,0x000,17,SDC
dmem,0x000,18,SDC
dmem,0x000,19,SDC
dmem,0x000,20,SDC
dmem,0x000,21,SDC
dmem,0x000,22,SDC
dmem,0x000,23,SDC
dmem,0x000,24,SDC
dmem,0x000,25,SDC
dmem,0x000,26,SDC
dmem,0x000,27,SDC
dmem,0x000,28,SDC
dmem,0x000,29,SDC
dmem,0x000,30,SDC
dmem,0x000,31,SDC
dmem,0x004,0,SDC
dmem,0x004,1,SDC
dmem,0x004,2,SDC
dmem,0x004,3,SDC
dmem,0x004,4,SDC
dmem,0x004,5,SDC
dmem,0x004,6,SDC
dmem,0x004,7,SDC
dmem,0x004,8,SDC
dmem,0x004,9,SDC
dmem,0x004,10,SDC
dmem,0x004,11,SDC
dmem,0x004,12,SDC
dmem,0x004,13,SDC
dmem,0x004,14,SDC
dmem,0x004,15,SDC
dmem,0x004,16,SDC
dmem,0x004,17,SDC
dmem,0x004,18,SDC
dmem,0x004,19,SDC
dmem,0x004,20,SDC
dmem,0x004,21,SDC
dmem,0x004,22,SDC
dmem,0x004,23,SDC
dmem,0x004,24,SDC
dmem,0x004,25,SDC
dmem,0x004,26,SDC
dmem,0x004,27,SDC
dmem,0x004,28,SDC
dmem,0x004,29,SDC
dmem,0x004,30,SDC
dmem,0x004,31,SDC
dmem,0x008,0,SDC
dmem,0x008,1,SDC
dmem,0x008,2,SDC
dmem,0x008,3,SDC
dmem,0x008,4,SDC
dmem,0x008,5,SDC
dmem,0x008,6,SDC
dmem,0x008,7,SDC
dmem,0x008,8,SDC
dmem,0x008,9,SDC
dmem,0x008,10,SDC
dmem,0x008,11,SDC
dmem,0x008,12,SDC
dmem,0x008,13,SDC
dmem,0x008,14,SDC
dmem,0x008,15,SDC
dmem,0x008,16,SDC
dmem,0x008,17,SDC
dmem,0x008,18,SDC
dmem,0x008,19,SDC
dmem,0x008,20,SDC
dmem,0x008,21,SDC
dmem,0x008,22,SDC
dmem,0x008,23,SDC
dmem,0x008,24,SDC
dmem,0x008,25,SDC
dmem,0x008,26,SDC
dmem,0x008,27,SDC
dmem,0x008,28,SDC
dmem,0x008,29,SDC
dmem,0x008,30,SDC
dmem,0x008,31,SDC
dmem,0x00c,0,SDC
dmem,0x00c,1,SDC
dmem,0x00c,2,SDC
dmem,0x00c,3,SDC
dmem,0x00c,4,SDC
dmem,0x00c,5,SDC
dmem,0x00c,6,SDC
dmem,0x00c,7,SDC
dmem,0x00c,8,SDC
dmem,0x00c,9,SDC
dmem,0x00c,10,SDC
dmem,0x00c,11,SDC
dmem,0x00c,12,SDC
dmem,0x00c,13,SDC
dmem,0x00c,14,SDC
dmem,0x00c,15,SDC
dmem,0x00c,16,SDC
dmem,0x00c,17,SDC
dmem,0x00c,18,SDC
dmem,0x00c,19,SDC
dmem,0x00c,20,SDC
dmem,0x00c,21,SDC
dmem,0x00c,22,SDC
dmem,0x00c,23,SDC
dmem,0x00c,24,SDC
dmem,0x00c,25,SDC
dmem,0x00c,26,SDC
dmem,0x00c,27,SDC
dmem,0x00c,28,SDC
dmem,0x00c,29,SDC
dmem,0x00c,30,SDC
dmem,0x00c,31,SDC
dmem,0x010,0,SDC
dmem,0x010,1,SDC
dmem,0x010,2,SDC
dmem,0x010,3,SDC
dmem,0x010,4,SDC
dmem,0x010,5,SDC
dmem,0x010,6,SDC
dmem,0x010,7,SDC
dmem,0x010,8,SDC
dmem,0x010,9,SDC
dmem,0x010,10,SDC
dmem,0x010,11,SDC
dmem,0x010,12,SDC
dmem,0x010,13,SDC
dmem,0x010,14,SDC
dmem,0x010,15,SDC
dmem,0x010,16,SDC
dmem,0x010,17,SDC
dmem,0x010,18,SDC
dmem,0x010,19,SDC
dmem,0x010,20,SDC
dmem,0x010,21,SDC
dmem,0x010,22,SDC
dmem,0x010,23,SDC
dmem,0x010,24,SDC
dmem,0x010,25,SDC
dmem,0x010,26,SDC
dmem,0x010,27,SDC
dmem,0x010,28,SDC
dmem,0x010,29,SDC
dmem,0x010,30,SDC
dmem,0x010,31,SDC
dmem,0x014,0,SDC
dmem,0x014,1,SDC
dmem,0x014,2,SDC
dmem,0x014,3,SDC
dmem,0x014,4,SDC
dmem,0x014,5,SDC
dmem,0x014,6,SDC
dmem,0x014,7,SDC
dmem,0x014,8,SDC
dmem,0x014,9,SDC
dmem,0x014,10,SDC
dmem,0x014,11,SDC
dmem,0x014,12,SDC
dmem,0x014,13,SDC
dmem,0x014,14,SDC
dmem,0x014,15,SDC
dmem,0x014,16,SDC
dmem,0x014,17,SDC
dmem,0x014,18,SDC
dmem,0x014,19,SDC
dmem,0x014,20,SDC
dmem,0x014,21,SDC
dmem,0x014,22,SDC
dmem,0x014,23,SDC
dmem,0x014,24,SDC
dmem,0x014,25,SDC
dmem,0x014,26,SDC
dmem,0x014,27,SDC
dmem,0x014,28,SDC
dmem,0x014,29,SDC
dmem,0x014,30,SDC
dmem,0x014,31,SDC
dmem,0x018,0,SDC
dmem,0x018,1,SDC
dmem,0x018,2,SDC
dmem,0x018,3,SDC
dmem,0x018,4,SDC
dmem,0x018,5,SDC
dmem,0x018,6,SDC
dmem,0x018,7,SDC
dmem,0x018,8,SDC
dmem,0x018,9,SDC
dmem,0x018,10,SDC
dmem,0x018,11,SDC
dmem,0x018,12,SDC
dmem,0x018,13,SDC
dmem,0x018,14,SDC
dmem,0x018,15,SDC
dmem,0x018,16,SDC
dmem,0x018,17,SDC
dmem,0x018,18,SDC
dmem,0x018,19,SDC
dmem,0x018,20,SDC
dmem,0x018,21,SDC
dmem,0x018,22,SDC
dmem,0x018,23,SDC
dmem,0x018,24,SDC
dmem,0x018,25,SDC
dmem,0x018,26,SDC
dmem,0x018,27,SDC
dmem,0x018,28,SDC
dmem,0x018,29,SDC
dmem,0x018,30,SDC
dmem,0x018,31,SDC
dmem,0x01c,0,SDC
dmem,0x01c,1,SDC
dmem,0x01c,2,SDC
dmem,0x01c,3,SDC
dmem,0x01c,4,SDC
dmem,0x01c,5,SDC
dmem,0x01c,6,SDC
dmem,0x01c,7,SDC
dmem,0x01c,8,SDC
dmem,0x01c,9,SDC
dmem,0x01c,10,SDC
dmem,0x01c,11,SDC
dmem,0x01c,12,SDC
dmem,0x01c,13,SDC
dmem,0x01c,14,SDC
dmem,0x01c,15,SDC
dmem,0x01c,16,SDC
dmem,0x01c,17,SDC
dmem,0x01c,18,SDC
dmem,0x01c,19,SDC
dmem,0x01c,20,SDC
dmem,0x01c,21,SDC
dmem,0x01c,22,SDC
dmem,0x01c,23,SDC
dmem,0x01c,24,SDC
dmem,0x01c,25,SDC
dmem,0x01c,26,SDC
dmem,0x01c,27,SDC
dmem,0x01c,28,SDC
dmem,0x01c,29,SDC
dmem,0x01c,30,SDC
dmem,0x01c,31,SDC
